Title,Categories,Uri,FullPath
"Processtune Blog – Articles offered from Microsoft MVP","","./index.html","E:\repos\Processtune-web\www\index.html"
"Page not found – Processtune Blog","Azure Active Directory,Microservice,Microsoft Azure,Visual Studio","./404/index.html","E:\repos\Processtune-web\www\404\index.html"
"Front Page – Processtune Blog","Azure Active Directory,Microservice,Microsoft Azure,Visual Studio","./colibri-wp/index.html","E:\repos\Processtune-web\www\colibri-wp\index.html"
"Redirecting...","","./feed/index.html","E:\repos\Processtune-web\www\feed\index.html"
"TETSURO TAKAO – Processtune Blog","Azure Active Directory,Microservice,Microsoft Azure,Visual Studio","./author/takao/index.html","E:\repos\Processtune-web\www\author\takao\index.html"
"tetsuro.takao – Processtune Blog","Azure Active Directory,Microservice,Microsoft Azure,Visual Studio","./author/tetsuro-takao/index.html","E:\repos\Processtune-web\www\author\tetsuro-takao\index.html"
"AI – Processtune Blog","Azure Active Directory,Microservice,Microsoft Azure,Visual Studio","./category/ai/index.html","E:\repos\Processtune-web\www\category\ai\index.html"
"ASP.NET Core – Processtune Blog","Azure Active Directory,Microservice,Microsoft Azure,Visual Studio","./category/asp-net-core/index.html","E:\repos\Processtune-web\www\category\asp-net-core\index.html"
"C# – Processtune Blog","Azure Active Directory,Microservice,Microsoft Azure,Visual Studio","./category/c/index.html","E:\repos\Processtune-web\www\category\c\index.html"
"Docker – Processtune Blog","Azure Active Directory,Microservice,Microsoft Azure,Visual Studio","./category/docker/index.html","E:\repos\Processtune-web\www\category\docker\index.html"
"Microservice – Processtune Blog","Azure Active Directory,Microservice,Microsoft Azure,Next,Page 2,Visual Studio","./category/microservice/index.html","E:\repos\Processtune-web\www\category\microservice\index.html"
"Microsoft Azure – Processtune Blog","Azure Active Directory,Microservice,Microsoft Azure,Next,Page 2,Page 3,Page 5,Visual Studio","./category/microsoft-azure/index.html","E:\repos\Processtune-web\www\category\microsoft-azure\index.html"
"Microsoft Graph – Processtune Blog","Azure Active Directory,Microservice,Microsoft Azure,Next,Page 2,Visual Studio","./category/microsoft-graph/index.html","E:\repos\Processtune-web\www\category\microsoft-graph\index.html"
"MongoDB – Processtune Blog","Azure Active Directory,Microservice,Microsoft Azure,Visual Studio","./category/mongodb/index.html","E:\repos\Processtune-web\www\category\mongodb\index.html"
"Nginx – Processtune Blog","Azure Active Directory,Microservice,Microsoft Azure,Visual Studio","./category/nginx/index.html","E:\repos\Processtune-web\www\category\nginx\index.html"
"Node – Processtune Blog","Azure Active Directory,Microservice,Microsoft Azure,Visual Studio","./category/node/index.html","E:\repos\Processtune-web\www\category\node\index.html"
"Office App – Processtune Blog","Azure Active Directory,Microservice,Microsoft Azure,Next,Page 2,Visual Studio","./category/office-app/index.html","E:\repos\Processtune-web\www\category\office-app\index.html"
"SlideShow – Processtune Blog","Azure Active Directory,Microservice,Microsoft Azure,Next,Page 10,Page 2,Page 3,Visual Studio","./category/slide-show/index.html","E:\repos\Processtune-web\www\category\slide-show\index.html"
"Technical Memo – Processtune Blog","Azure Active Directory,Microservice,Microsoft Azure,Next,Page 2,Page 3,Page 5,Visual Studio","./category/technical-memo/index.html","E:\repos\Processtune-web\www\category\technical-memo\index.html"
"Uncategorized – Processtune Blog","Azure Active Directory,Microservice,Microsoft Azure,Visual Studio","./category/uncategorized/index.html","E:\repos\Processtune-web\www\category\uncategorized\index.html"
"Visual Studio – Processtune Blog","Azure Active Directory,Microservice,Microsoft Azure,Next,Page 2,Page 3,Visual Studio","./category/visual-studio/index.html","E:\repos\Processtune-web\www\category\visual-studio\index.html"
"WinUI – Processtune Blog","Azure Active Directory,Microservice,Microsoft Azure,Next,Page 2,Page 3,Page 5,Visual Studio","./category/winui/index.html","E:\repos\Processtune-web\www\category\winui\index.html"
"WSL2 – Processtune Blog","Azure Active Directory,Microservice,Microsoft Azure,Visual Studio","./category/wsl2/index.html","E:\repos\Processtune-web\www\category\wsl2\index.html"
"Processtune Blog – Page 10 – Articles offered from Microsoft MVP","Azure Active Directory,Microservice,Microsoft Azure,Visual Studio","./page/10/index.html","E:\repos\Processtune-web\www\page\10\index.html"
"Processtune Blog – Page 11 – Articles offered from Microsoft MVP","Azure Active Directory,Microservice,Microsoft Azure,Visual Studio","./page/11/index.html","E:\repos\Processtune-web\www\page\11\index.html"
"Processtune Blog – Page 12 – Articles offered from Microsoft MVP","Azure Active Directory,Microservice,Microsoft Azure,Visual Studio","./page/12/index.html","E:\repos\Processtune-web\www\page\12\index.html"
"Processtune Blog – Page 13 – Articles offered from Microsoft MVP","Azure Active Directory,Microservice,Microsoft Azure,Visual Studio","./page/13/index.html","E:\repos\Processtune-web\www\page\13\index.html"
"Processtune Blog – Page 2 – Articles offered from Microsoft MVP","Azure Active Directory,Microservice,Microsoft Azure,Visual Studio","./page/2/index.html","E:\repos\Processtune-web\www\page\2\index.html"
"Processtune Blog – Page 3 – Articles offered from Microsoft MVP","Azure Active Directory,Microservice,Microsoft Azure,Visual Studio","./page/3/index.html","E:\repos\Processtune-web\www\page\3\index.html"
"Processtune Blog – Page 4 – Articles offered from Microsoft MVP","Azure Active Directory,Microservice,Microsoft Azure,Visual Studio","./page/4/index.html","E:\repos\Processtune-web\www\page\4\index.html"
"Processtune Blog – Page 5 – Articles offered from Microsoft MVP","Azure Active Directory,Microservice,Microsoft Azure,Visual Studio","./page/5/index.html","E:\repos\Processtune-web\www\page\5\index.html"
"Processtune Blog – Page 6 – Articles offered from Microsoft MVP","Azure Active Directory,Microservice,Microsoft Azure,Visual Studio","./page/6/index.html","E:\repos\Processtune-web\www\page\6\index.html"
"Processtune Blog – Page 7 – Articles offered from Microsoft MVP","Azure Active Directory,Microservice,Microsoft Azure,Visual Studio","./page/7/index.html","E:\repos\Processtune-web\www\page\7\index.html"
"Processtune Blog – Page 8 – Articles offered from Microsoft MVP","Azure Active Directory,Microservice,Microsoft Azure,Visual Studio","./page/8/index.html","E:\repos\Processtune-web\www\page\8\index.html"
"Processtune Blog – Page 9 – Articles offered from Microsoft MVP","Azure Active Directory,Microservice,Microsoft Azure,Visual Studio","./page/9/index.html","E:\repos\Processtune-web\www\page\9\index.html"
"markdown – Processtune Blog","Azure Active Directory,Microservice,Microsoft Azure,Visual Studio","./tag/markdown/index.html","E:\repos\Processtune-web\www\tag\markdown\index.html"
"Mind map – Processtune Blog","Azure Active Directory,Microservice,Microsoft Azure,Visual Studio","./tag/mind-map/index.html","E:\repos\Processtune-web\www\tag\mind-map\index.html"
"Visual studio code – Processtune Blog","Azure Active Directory,Microservice,Microsoft Azure,Visual Studio","./tag/visual-studio-code/index.html","E:\repos\Processtune-web\www\tag\visual-studio-code\index.html"
"April 1, 2011 – Processtune Blog","Azure Active Directory,Microservice,Microsoft Azure,Visual Studio","./2011/04/01/index.html","E:\repos\Processtune-web\www\2011\04\01\index.html"
"April 2, 2011 – Processtune Blog","Azure Active Directory,Microservice,Microsoft Azure,Visual Studio","./2011/04/02/index.html","E:\repos\Processtune-web\www\2011\04\02\index.html"
"April 3, 2011 – Processtune Blog","Azure Active Directory,Microservice,Microsoft Azure,Visual Studio","./2011/04/03/index.html","E:\repos\Processtune-web\www\2011\04\03\index.html"
"April 6, 2011 – Processtune Blog","Azure Active Directory,Microservice,Microsoft Azure,Visual Studio","./2011/04/06/index.html","E:\repos\Processtune-web\www\2011\04\06\index.html"
"April 9, 2011 – Processtune Blog","Azure Active Directory,Microservice,Microsoft Azure,Visual Studio","./2011/04/09/index.html","E:\repos\Processtune-web\www\2011\04\09\index.html"
"April 14, 2011 – Processtune Blog","Azure Active Directory,Microservice,Microsoft Azure,Visual Studio","./2011/04/14/index.html","E:\repos\Processtune-web\www\2011\04\14\index.html"
"April 21, 2011 – Processtune Blog","Azure Active Directory,Microservice,Microsoft Azure,Visual Studio","./2011/04/21/index.html","E:\repos\Processtune-web\www\2011\04\21\index.html"
"April 23, 2011 – Processtune Blog","Azure Active Directory,Microservice,Microsoft Azure,Visual Studio","./2011/04/23/index.html","E:\repos\Processtune-web\www\2011\04\23\index.html"
"May 26, 2011 – Processtune Blog","Azure Active Directory,Microservice,Microsoft Azure,Visual Studio","./2011/05/26/index.html","E:\repos\Processtune-web\www\2011\05\26\index.html"
"May 28, 2011 – Processtune Blog","Azure Active Directory,Microservice,Microsoft Azure,Visual Studio","./2011/05/28/index.html","E:\repos\Processtune-web\www\2011\05\28\index.html"
"July 9, 2011 – Processtune Blog","Azure Active Directory,Microservice,Microsoft Azure,Visual Studio","./2011/07/09/index.html","E:\repos\Processtune-web\www\2011\07\09\index.html"
"September 24, 2011 – Processtune Blog","Azure Active Directory,Microservice,Microsoft Azure,Visual Studio","./2011/09/24/index.html","E:\repos\Processtune-web\www\2011\09\24\index.html"
"October 8, 2011 – Processtune Blog","Azure Active Directory,Microservice,Microsoft Azure,Visual Studio","./2011/10/08/index.html","E:\repos\Processtune-web\www\2011\10\08\index.html"
"November 23, 2011 – Processtune Blog","Azure Active Directory,Microservice,Microsoft Azure,Visual Studio","./2011/11/23/index.html","E:\repos\Processtune-web\www\2011\11\23\index.html"
"November 26, 2011 – Processtune Blog","Azure Active Directory,Microservice,Microsoft Azure,Visual Studio","./2011/11/26/index.html","E:\repos\Processtune-web\www\2011\11\26\index.html"
"December 3, 2011 – Processtune Blog","Azure Active Directory,Microservice,Microsoft Azure,Visual Studio","./2011/12/03/index.html","E:\repos\Processtune-web\www\2011\12\03\index.html"
"December 26, 2011 – Processtune Blog","Azure Active Directory,Microservice,Microsoft Azure,Visual Studio","./2011/12/26/index.html","E:\repos\Processtune-web\www\2011\12\26\index.html"
"January 23, 2012 – Processtune Blog","Azure Active Directory,Microservice,Microsoft Azure,Visual Studio","./2012/01/23/index.html","E:\repos\Processtune-web\www\2012\01\23\index.html"
"April 18, 2012 – Processtune Blog","Azure Active Directory,Microservice,Microsoft Azure,Visual Studio","./2012/04/18/index.html","E:\repos\Processtune-web\www\2012\04\18\index.html"
"April 28, 2012 – Processtune Blog","Azure Active Directory,Microservice,Microsoft Azure,Visual Studio","./2012/04/28/index.html","E:\repos\Processtune-web\www\2012\04\28\index.html"
"June 10, 2012 – Processtune Blog","Azure Active Directory,Microservice,Microsoft Azure,Visual Studio","./2012/06/10/index.html","E:\repos\Processtune-web\www\2012\06\10\index.html"
"June 23, 2012 – Processtune Blog","Azure Active Directory,Microservice,Microsoft Azure,Visual Studio","./2012/06/23/index.html","E:\repos\Processtune-web\www\2012\06\23\index.html"
"July 7, 2012 – Processtune Blog","Azure Active Directory,Microservice,Microsoft Azure,Visual Studio","./2012/07/07/index.html","E:\repos\Processtune-web\www\2012\07\07\index.html"
"December 7, 2012 – Processtune Blog","Azure Active Directory,Microservice,Microsoft Azure,Visual Studio","./2012/12/07/index.html","E:\repos\Processtune-web\www\2012\12\07\index.html"
"January 26, 2013 – Processtune Blog","Azure Active Directory,Microservice,Microsoft Azure,Visual Studio","./2013/01/26/index.html","E:\repos\Processtune-web\www\2013\01\26\index.html"
"March 30, 2013 – Processtune Blog","Azure Active Directory,Microservice,Microsoft Azure,Visual Studio","./2013/03/30/index.html","E:\repos\Processtune-web\www\2013\03\30\index.html"
"April 8, 2013 – Processtune Blog","Azure Active Directory,Microservice,Microsoft Azure,Visual Studio","./2013/04/08/index.html","E:\repos\Processtune-web\www\2013\04\08\index.html"
"May 8, 2013 – Processtune Blog","Azure Active Directory,Microservice,Microsoft Azure,Visual Studio","./2013/05/08/index.html","E:\repos\Processtune-web\www\2013\05\08\index.html"
"May 11, 2013 – Processtune Blog","Azure Active Directory,Microservice,Microsoft Azure,Visual Studio","./2013/05/11/index.html","E:\repos\Processtune-web\www\2013\05\11\index.html"
"June 7, 2013 – Processtune Blog","Azure Active Directory,Microservice,Microsoft Azure,Visual Studio","./2013/06/07/index.html","E:\repos\Processtune-web\www\2013\06\07\index.html"
"July 1, 2013 – Processtune Blog","Azure Active Directory,Microservice,Microsoft Azure,Visual Studio","./2013/07/01/index.html","E:\repos\Processtune-web\www\2013\07\01\index.html"
"July 8, 2013 – Processtune Blog","Azure Active Directory,Microservice,Microsoft Azure,Visual Studio","./2013/07/08/index.html","E:\repos\Processtune-web\www\2013\07\08\index.html"
"August 26, 2013 – Processtune Blog","Azure Active Directory,Microservice,Microsoft Azure,Visual Studio","./2013/08/26/index.html","E:\repos\Processtune-web\www\2013\08\26\index.html"
"January 20, 2014 – Processtune Blog","Azure Active Directory,Microservice,Microsoft Azure,Visual Studio","./2014/01/20/index.html","E:\repos\Processtune-web\www\2014\01\20\index.html"
"April 9, 2014 – Processtune Blog","Azure Active Directory,Microservice,Microsoft Azure,Visual Studio","./2014/04/09/index.html","E:\repos\Processtune-web\www\2014\04\09\index.html"
"June 8, 2014 – Processtune Blog","Azure Active Directory,Microservice,Microsoft Azure,Visual Studio","./2014/06/08/index.html","E:\repos\Processtune-web\www\2014\06\08\index.html"
"July 13, 2014 – Processtune Blog","Azure Active Directory,Microservice,Microsoft Azure,Visual Studio","./2014/07/13/index.html","E:\repos\Processtune-web\www\2014\07\13\index.html"
"July 28, 2014 – Processtune Blog","Azure Active Directory,Microservice,Microsoft Azure,Visual Studio","./2014/07/28/index.html","E:\repos\Processtune-web\www\2014\07\28\index.html"
"August 18, 2014 – Processtune Blog","Azure Active Directory,Microservice,Microsoft Azure,Visual Studio","./2014/08/18/index.html","E:\repos\Processtune-web\www\2014\08\18\index.html"
"September 20, 2014 – Processtune Blog","Azure Active Directory,Microservice,Microsoft Azure,Visual Studio","./2014/09/20/index.html","E:\repos\Processtune-web\www\2014\09\20\index.html"
"October 9, 2014 – Processtune Blog","Azure Active Directory,Microservice,Microsoft Azure,Visual Studio","./2014/10/09/index.html","E:\repos\Processtune-web\www\2014\10\09\index.html"
"December 5, 2014 – Processtune Blog","Azure Active Directory,Microservice,Microsoft Azure,Visual Studio","./2014/12/05/index.html","E:\repos\Processtune-web\www\2014\12\05\index.html"
"January 7, 2015 – Processtune Blog","Azure Active Directory,Microservice,Microsoft Azure,Visual Studio","./2015/01/07/index.html","E:\repos\Processtune-web\www\2015\01\07\index.html"
"February 2, 2015 – Processtune Blog","Azure Active Directory,Microservice,Microsoft Azure,Visual Studio","./2015/02/02/index.html","E:\repos\Processtune-web\www\2015\02\02\index.html"
"February 10, 2015 – Processtune Blog","Azure Active Directory,Microservice,Microsoft Azure,Visual Studio","./2015/02/10/index.html","E:\repos\Processtune-web\www\2015\02\10\index.html"
"May 10, 2015 – Processtune Blog","Azure Active Directory,Microservice,Microsoft Azure,Visual Studio","./2015/05/10/index.html","E:\repos\Processtune-web\www\2015\05\10\index.html"
"May 23, 2015 – Processtune Blog","Azure Active Directory,Microservice,Microsoft Azure,Visual Studio","./2015/05/23/index.html","E:\repos\Processtune-web\www\2015\05\23\index.html"
"April 8, 2016 – Processtune Blog","Azure Active Directory,Microservice,Microsoft Azure,Visual Studio","./2016/04/08/index.html","E:\repos\Processtune-web\www\2016\04\08\index.html"
"May 10, 2016 – Processtune Blog","Azure Active Directory,Microservice,Microsoft Azure,Visual Studio","./2016/05/10/index.html","E:\repos\Processtune-web\www\2016\05\10\index.html"
"July 11, 2016 – Processtune Blog","Azure Active Directory,Microservice,Microsoft Azure,Visual Studio","./2016/07/11/index.html","E:\repos\Processtune-web\www\2016\07\11\index.html"
"August 13, 2016 – Processtune Blog","Azure Active Directory,Microservice,Microsoft Azure,Visual Studio","./2016/08/13/index.html","E:\repos\Processtune-web\www\2016\08\13\index.html"
"September 2, 2016 – Processtune Blog","Azure Active Directory,Microservice,Microsoft Azure,Visual Studio","./2016/09/02/index.html","E:\repos\Processtune-web\www\2016\09\02\index.html"
"January 12, 2017 – Processtune Blog","Azure Active Directory,Microservice,Microsoft Azure,Visual Studio","./2017/01/12/index.html","E:\repos\Processtune-web\www\2017\01\12\index.html"
"February 12, 2017 – Processtune Blog","Azure Active Directory,Microservice,Microsoft Azure,Visual Studio","./2017/02/12/index.html","E:\repos\Processtune-web\www\2017\02\12\index.html"
"March 1, 2017 – Processtune Blog","Azure Active Directory,Microservice,Microsoft Azure,Visual Studio","./2017/03/01/index.html","E:\repos\Processtune-web\www\2017\03\01\index.html"
"March 10, 2017 – Processtune Blog","Azure Active Directory,Microservice,Microsoft Azure,Visual Studio","./2017/03/10/index.html","E:\repos\Processtune-web\www\2017\03\10\index.html"
"March 13, 2017 – Processtune Blog","Azure Active Directory,Microservice,Microsoft Azure,Visual Studio","./2017/03/13/index.html","E:\repos\Processtune-web\www\2017\03\13\index.html"
"May 6, 2017 – Processtune Blog","Azure Active Directory,Microservice,Microsoft Azure,Visual Studio","./2017/05/06/index.html","E:\repos\Processtune-web\www\2017\05\06\index.html"
"May 10, 2017 – Processtune Blog","Azure Active Directory,Microservice,Microsoft Azure,Visual Studio","./2017/05/10/index.html","E:\repos\Processtune-web\www\2017\05\10\index.html"
"May 17, 2017 – Processtune Blog","Azure Active Directory,Microservice,Microsoft Azure,Visual Studio","./2017/05/17/index.html","E:\repos\Processtune-web\www\2017\05\17\index.html"
"May 24, 2017 – Processtune Blog","Azure Active Directory,Microservice,Microsoft Azure,Visual Studio","./2017/05/24/index.html","E:\repos\Processtune-web\www\2017\05\24\index.html"
"June 3, 2017 – Processtune Blog","Azure Active Directory,Microservice,Microsoft Azure,Visual Studio","./2017/06/03/index.html","E:\repos\Processtune-web\www\2017\06\03\index.html"
"June 10, 2017 – Processtune Blog","Azure Active Directory,Microservice,Microsoft Azure,Visual Studio","./2017/06/10/index.html","E:\repos\Processtune-web\www\2017\06\10\index.html"
"July 25, 2017 – Processtune Blog","Azure Active Directory,Microservice,Microsoft Azure,Visual Studio","./2017/07/25/index.html","E:\repos\Processtune-web\www\2017\07\25\index.html"
"August 1, 2017 – Processtune Blog","Azure Active Directory,Microservice,Microsoft Azure,Visual Studio","./2017/08/01/index.html","E:\repos\Processtune-web\www\2017\08\01\index.html"
"August 8, 2017 – Processtune Blog","Azure Active Directory,Microservice,Microsoft Azure,Visual Studio","./2017/08/08/index.html","E:\repos\Processtune-web\www\2017\08\08\index.html"
"August 15, 2017 – Processtune Blog","Azure Active Directory,Microservice,Microsoft Azure,Visual Studio","./2017/08/15/index.html","E:\repos\Processtune-web\www\2017\08\15\index.html"
"August 22, 2017 – Processtune Blog","Azure Active Directory,Microservice,Microsoft Azure,Visual Studio","./2017/08/22/index.html","E:\repos\Processtune-web\www\2017\08\22\index.html"
"August 29, 2017 – Processtune Blog","Azure Active Directory,Microservice,Microsoft Azure,Visual Studio","./2017/08/29/index.html","E:\repos\Processtune-web\www\2017\08\29\index.html"
"September 6, 2017 – Processtune Blog","Azure Active Directory,Microservice,Microsoft Azure,Visual Studio","./2017/09/06/index.html","E:\repos\Processtune-web\www\2017\09\06\index.html"
"September 13, 2017 – Processtune Blog","Azure Active Directory,Microservice,Microsoft Azure,Visual Studio","./2017/09/13/index.html","E:\repos\Processtune-web\www\2017\09\13\index.html"
"September 20, 2017 – Processtune Blog","Azure Active Directory,Microservice,Microsoft Azure,Visual Studio","./2017/09/20/index.html","E:\repos\Processtune-web\www\2017\09\20\index.html"
"September 27, 2017 – Processtune Blog","Azure Active Directory,Microservice,Microsoft Azure,Visual Studio","./2017/09/27/index.html","E:\repos\Processtune-web\www\2017\09\27\index.html"
"November 2, 2017 – Processtune Blog","Azure Active Directory,Microservice,Microsoft Azure,Visual Studio","./2017/11/02/index.html","E:\repos\Processtune-web\www\2017\11\02\index.html"
"November 9, 2017 – Processtune Blog","Azure Active Directory,Microservice,Microsoft Azure,Visual Studio","./2017/11/09/index.html","E:\repos\Processtune-web\www\2017\11\09\index.html"
"May 26, 2018 – Processtune Blog","Azure Active Directory,Microservice,Microsoft Azure,Visual Studio","./2018/05/26/index.html","E:\repos\Processtune-web\www\2018\05\26\index.html"
"June 30, 2018 – Processtune Blog","Azure Active Directory,Microservice,Microsoft Azure,Visual Studio","./2018/06/30/index.html","E:\repos\Processtune-web\www\2018\06\30\index.html"
"July 28, 2018 – Processtune Blog","Azure Active Directory,Microservice,Microsoft Azure,Visual Studio","./2018/07/28/index.html","E:\repos\Processtune-web\www\2018\07\28\index.html"
"August 31, 2018 – Processtune Blog","Azure Active Directory,Microservice,Microsoft Azure,Visual Studio","./2018/08/31/index.html","E:\repos\Processtune-web\www\2018\08\31\index.html"
"October 27, 2018 – Processtune Blog","Azure Active Directory,Microservice,Microsoft Azure,Visual Studio","./2018/10/27/index.html","E:\repos\Processtune-web\www\2018\10\27\index.html"
"March 28, 2019 – Processtune Blog","Azure Active Directory,Microservice,Microsoft Azure,Visual Studio","./2019/03/28/index.html","E:\repos\Processtune-web\www\2019\03\28\index.html"
"March 29, 2019 – Processtune Blog","Azure Active Directory,Microservice,Microsoft Azure,Visual Studio","./2019/03/29/index.html","E:\repos\Processtune-web\www\2019\03\29\index.html"
"April 30, 2019 – Processtune Blog","Azure Active Directory,Microservice,Microsoft Azure,Visual Studio","./2019/04/30/index.html","E:\repos\Processtune-web\www\2019\04\30\index.html"
"June 30, 2019 – Processtune Blog","Azure Active Directory,Microservice,Microsoft Azure,Visual Studio","./2019/06/30/index.html","E:\repos\Processtune-web\www\2019\06\30\index.html"
"July 30, 2019 – Processtune Blog","Azure Active Directory,Microservice,Microsoft Azure,Visual Studio","./2019/07/30/index.html","E:\repos\Processtune-web\www\2019\07\30\index.html"
"August 31, 2019 – Processtune Blog","Azure Active Directory,Microservice,Microsoft Azure,Visual Studio","./2019/08/31/index.html","E:\repos\Processtune-web\www\2019\08\31\index.html"
"September 30, 2019 – Processtune Blog","Azure Active Directory,Microservice,Microsoft Azure,Visual Studio","./2019/09/30/index.html","E:\repos\Processtune-web\www\2019\09\30\index.html"
"October 30, 2019 – Processtune Blog","Azure Active Directory,Microservice,Microsoft Azure,Visual Studio","./2019/10/30/index.html","E:\repos\Processtune-web\www\2019\10\30\index.html"
"November 30, 2019 – Processtune Blog","Azure Active Directory,Microservice,Microsoft Azure,Visual Studio","./2019/11/30/index.html","E:\repos\Processtune-web\www\2019\11\30\index.html"
"December 26, 2019 – Processtune Blog","Azure Active Directory,Microservice,Microsoft Azure,Visual Studio","./2019/12/26/index.html","E:\repos\Processtune-web\www\2019\12\26\index.html"
"January 31, 2020 – Processtune Blog","Azure Active Directory,Microservice,Microsoft Azure,Visual Studio","./2020/01/31/index.html","E:\repos\Processtune-web\www\2020\01\31\index.html"
"February 29, 2020 – Processtune Blog","Azure Active Directory,Microservice,Microsoft Azure,Visual Studio","./2020/02/29/index.html","E:\repos\Processtune-web\www\2020\02\29\index.html"
"March 13, 2020 – Processtune Blog","Azure Active Directory,Microservice,Microsoft Azure,Visual Studio","./2020/03/13/index.html","E:\repos\Processtune-web\www\2020\03\13\index.html"
"March 14, 2020 – Processtune Blog","Azure Active Directory,Microservice,Microsoft Azure,Visual Studio","./2020/03/14/index.html","E:\repos\Processtune-web\www\2020\03\14\index.html"
"March 31, 2020 – Processtune Blog","Azure Active Directory,Microservice,Microsoft Azure,Visual Studio","./2020/03/31/index.html","E:\repos\Processtune-web\www\2020\03\31\index.html"
"April 20, 2020 – Processtune Blog","Azure Active Directory,Microservice,Microsoft Azure,Visual Studio","./2020/04/20/index.html","E:\repos\Processtune-web\www\2020\04\20\index.html"
"May 23, 2020 – Processtune Blog","Azure Active Directory,Microservice,Microsoft Azure,Visual Studio","./2020/05/23/index.html","E:\repos\Processtune-web\www\2020\05\23\index.html"
"May 27, 2020 – Processtune Blog","Azure Active Directory,Microservice,Microsoft Azure,Visual Studio","./2020/05/27/index.html","E:\repos\Processtune-web\www\2020\05\27\index.html"
"September 1, 2020 – Processtune Blog","Azure Active Directory,Microservice,Microsoft Azure,Visual Studio","./2020/09/01/index.html","E:\repos\Processtune-web\www\2020\09\01\index.html"
"October 1, 2020 – Processtune Blog","Azure Active Directory,Microservice,Microsoft Azure,Visual Studio","./2020/10/01/index.html","E:\repos\Processtune-web\www\2020\10\01\index.html"
"May 1, 2021 – Processtune Blog","Azure Active Directory,Microservice,Microsoft Azure,Visual Studio","./2021/05/01/index.html","E:\repos\Processtune-web\www\2021\05\01\index.html"
"July 1, 2021 – Processtune Blog","Azure Active Directory,Microservice,Microsoft Azure,Visual Studio","./2021/07/01/index.html","E:\repos\Processtune-web\www\2021\07\01\index.html"
"August 1, 2021 – Processtune Blog","Azure Active Directory,Microservice,Microsoft Azure,Visual Studio","./2021/08/01/index.html","E:\repos\Processtune-web\www\2021\08\01\index.html"
"September 1, 2021 – Processtune Blog","Azure Active Directory,Microservice,Microsoft Azure,Visual Studio","./2021/09/01/index.html","E:\repos\Processtune-web\www\2021\09\01\index.html"
"October 1, 2021 – Processtune Blog","Azure Active Directory,Microservice,Microsoft Azure,Visual Studio","./2021/10/01/index.html","E:\repos\Processtune-web\www\2021\10\01\index.html"
"November 1, 2021 – Processtune Blog","Azure Active Directory,Microservice,Microsoft Azure,Visual Studio","./2021/11/01/index.html","E:\repos\Processtune-web\www\2021\11\01\index.html"
"December 1, 2021 – Processtune Blog","Azure Active Directory,Microservice,Microsoft Azure,Visual Studio","./2021/12/01/index.html","E:\repos\Processtune-web\www\2021\12\01\index.html"
"January 15, 2022 – Processtune Blog","Azure Active Directory,Microservice,Microsoft Azure,Visual Studio","./2022/01/15/index.html","E:\repos\Processtune-web\www\2022\01\15\index.html"
"February 1, 2022 – Processtune Blog","Azure Active Directory,Microservice,Microsoft Azure,Visual Studio","./2022/02/01/index.html","E:\repos\Processtune-web\www\2022\02\01\index.html"
"April 30, 2022 – Processtune Blog","Azure Active Directory,Microservice,Microsoft Azure,Visual Studio","./2022/04/30/index.html","E:\repos\Processtune-web\www\2022\04\30\index.html"
"May 30, 2022 – Processtune Blog","Azure Active Directory,Microservice,Microsoft Azure,Visual Studio","./2022/05/30/index.html","E:\repos\Processtune-web\www\2022\05\30\index.html"
"June 28, 2022 – Processtune Blog","Azure Active Directory,Microservice,Microsoft Azure,Visual Studio","./2022/06/28/index.html","E:\repos\Processtune-web\www\2022\06\28\index.html"
"July 23, 2022 – Processtune Blog","Azure Active Directory,Microservice,Microsoft Azure,Visual Studio","./2022/07/23/index.html","E:\repos\Processtune-web\www\2022\07\23\index.html"
"August 18, 2022 – Processtune Blog","Azure Active Directory,Microservice,Microsoft Azure,Visual Studio","./2022/08/18/index.html","E:\repos\Processtune-web\www\2022\08\18\index.html"
"September 30, 2022 – Processtune Blog","Azure Active Directory,Microservice,Microsoft Azure,Visual Studio","./2022/09/30/index.html","E:\repos\Processtune-web\www\2022\09\30\index.html"
"October 30, 2022 – Processtune Blog","Azure Active Directory,Microservice,Microsoft Azure,Visual Studio","./2022/10/30/index.html","E:\repos\Processtune-web\www\2022\10\30\index.html"
"February 7, 2024 – Processtune Blog","Azure Active Directory,Microservice,Microsoft Azure,Visual Studio","./2024/02/07/index.html","E:\repos\Processtune-web\www\2024\02\07\index.html"
"March 26, 2024 – Processtune Blog","Azure Active Directory,Microservice,Microsoft Azure,Visual Studio","./2024/03/26/index.html","E:\repos\Processtune-web\www\2024\03\26\index.html"
"April 28, 2024 – Processtune Blog","Azure Active Directory,Microservice,Microsoft Azure,Visual Studio","./2024/04/28/index.html","E:\repos\Processtune-web\www\2024\04\28\index.html"
"Blazor – Processtune Blog","Azure Active Directory,Microservice,Microsoft Azure,Visual Studio","./category/asp-net-core/blazor/index.html","E:\repos\Processtune-web\www\category\asp-net-core\blazor\index.html"
"JavaScript – Processtune Blog","Azure Active Directory,Microservice,Microsoft Azure,Visual Studio","./category/asp-net-core/javascript/index.html","E:\repos\Processtune-web\www\category\asp-net-core\javascript\index.html"
"Service – Processtune Blog","Azure Active Directory,Microservice,Microsoft Azure,Visual Studio","./category/asp-net-core/service/index.html","E:\repos\Processtune-web\www\category\asp-net-core\service\index.html"
"Alpine Linux – Processtune Blog","Azure Active Directory,Microservice,Microsoft Azure,Visual Studio","./category/docker/alpine-linux/index.html","E:\repos\Processtune-web\www\category\docker\alpine-linux\index.html"
"Azure Active Directory – Processtune Blog","Azure Active Directory,Microservice,Microsoft Azure,Next,Page 2,Visual Studio","./category/microsoft-azure/azure-active-directory/index.html","E:\repos\Processtune-web\www\category\microsoft-azure\azure-active-directory\index.html"
"Azure Functions – Processtune Blog","Azure Active Directory,Microservice,Microsoft Azure,Visual Studio","./category/microsoft-azure/azure-functions/index.html","E:\repos\Processtune-web\www\category\microsoft-azure\azure-functions\index.html"
"Cognitive Service – Processtune Blog","Azure Active Directory,Microservice,Microsoft Azure,Visual Studio","./category/microsoft-azure/cognitive-service/index.html","E:\repos\Processtune-web\www\category\microsoft-azure\cognitive-service\index.html"
"gRPC – Processtune Blog","Azure Active Directory,Microservice,Microsoft Azure,Visual Studio","./category/microsoft-azure/grpc/index.html","E:\repos\Processtune-web\www\category\microsoft-azure\grpc\index.html"
"Rust – Processtune Blog","Azure Active Directory,Microservice,Microsoft Azure,Visual Studio","./category/microsoft-azure/rust/index.html","E:\repos\Processtune-web\www\category\microsoft-azure\rust\index.html"
"Static web Apps – Processtune Blog","Azure Active Directory,Microservice,Microsoft Azure,Visual Studio","./category/microsoft-azure/static-web-apps/index.html","E:\repos\Processtune-web\www\category\microsoft-azure\static-web-apps\index.html"
"Reverce Proxy – Processtune Blog","Azure Active Directory,Microservice,Microsoft Azure,Visual Studio","./category/nginx/reverce-proxy/index.html","E:\repos\Processtune-web\www\category\nginx\reverce-proxy\index.html"
"Adaptive Cards – Processtune Blog","Azure Active Directory,Microservice,Microsoft Azure,Visual Studio","./category/office-app/adaptive-cards/index.html","E:\repos\Processtune-web\www\category\office-app\adaptive-cards\index.html"
"Office Business App – Processtune Blog","Azure Active Directory,Microservice,Microsoft Azure,Visual Studio","./category/office-app/office-business-app/index.html","E:\repos\Processtune-web\www\category\office-app\office-business-app\index.html"
"Office Web App – Processtune Blog","Azure Active Directory,Microservice,Microsoft Azure,Visual Studio","./category/office-app/office-web-app/index.html","E:\repos\Processtune-web\www\category\office-app\office-web-app\index.html"
"ReactJS.NET – Processtune Blog","Azure Active Directory,Microservice,Microsoft Azure,Visual Studio","./category/office-app/reactjs-net/index.html","E:\repos\Processtune-web\www\category\office-app\reactjs-net\index.html"
"Active Directory – Processtune Blog","Azure Active Directory,Microservice,Microsoft Azure,Visual Studio","./category/technical-memo/active-directory/index.html","E:\repos\Processtune-web\www\category\technical-memo\active-directory\index.html"
"ALM – Processtune Blog","Azure Active Directory,Microservice,Microsoft Azure,Visual Studio","./category/technical-memo/alm/index.html","E:\repos\Processtune-web\www\category\technical-memo\alm\index.html"
"Browser – Processtune Blog","Azure Active Directory,Microservice,Microsoft Azure,Visual Studio","./category/technical-memo/browser/index.html","E:\repos\Processtune-web\www\category\technical-memo\browser\index.html"
"CSS – Processtune Blog","Azure Active Directory,Microservice,Microsoft Azure,Visual Studio","./category/technical-memo/css/index.html","E:\repos\Processtune-web\www\category\technical-memo\css\index.html"
"HTML – Processtune Blog","Azure Active Directory,Microservice,Microsoft Azure,Visual Studio","./category/technical-memo/html/index.html","E:\repos\Processtune-web\www\category\technical-memo\html\index.html"
"kiosk mode – Processtune Blog","Azure Active Directory,Microservice,Microsoft Azure,Visual Studio","./category/technical-memo/kiosk-mode/index.html","E:\repos\Processtune-web\www\category\technical-memo\kiosk-mode\index.html"
"Markdown – Processtune Blog","Azure Active Directory,Microservice,Microsoft Azure,Visual Studio","./category/technical-memo/markdown/index.html","E:\repos\Processtune-web\www\category\technical-memo\markdown\index.html"
"Silverlight – Processtune Blog","Azure Active Directory,Microservice,Microsoft Azure,Next,Page 2,Page 3,Visual Studio","./category/technical-memo/silverlight/index.html","E:\repos\Processtune-web\www\category\technical-memo\silverlight\index.html"
"Visual Studio Code – Processtune Blog","Azure Active Directory,Microservice,Microsoft Azure,Visual Studio","./category/visual-studio/visual-studio-code/index.html","E:\repos\Processtune-web\www\category\visual-studio\visual-studio-code\index.html"
".NET Core – Processtune Blog","Azure Active Directory,Microservice,Microsoft Azure,Visual Studio","./category/winui/net-core/index.html","E:\repos\Processtune-web\www\category\winui\net-core\index.html"
"Universal Apps – Processtune Blog","Azure Active Directory,Microservice,Microsoft Azure,Next,Page 2,Page 3,Page 4,Visual Studio","./category/winui/universal-apps/index.html","E:\repos\Processtune-web\www\category\winui\universal-apps\index.html"
"WPF App – Processtune Blog","Azure Active Directory,Microservice,Microsoft Azure,Visual Studio","./category/winui/wpf-app/index.html","E:\repos\Processtune-web\www\category\winui\wpf-app\index.html"
"Ubuntu – Processtune Blog","Azure Active Directory,Microservice,Microsoft Azure,Visual Studio","./category/wsl2/ubuntu/index.html","E:\repos\Processtune-web\www\category\wsl2\ubuntu\index.html"
"vim – Processtune Blog","Azure Active Directory,Microservice,Microsoft Azure,Visual Studio","./category/wsl2/vim/index.html","E:\repos\Processtune-web\www\category\wsl2\vim\index.html"
"Global Summit　Movies – Processtune Blog","Azure Active Directory,Global Summit,Microservice,Microsoft Azure,Visual Studio","./2011/04/01/hello-world-2/index.html","E:\repos\Processtune-web\www\2011\04\01\hello-world-2\index.html"
"Mix 11 – Processtune Blog","Azure Active Directory,Microservice,Microsoft Azure,Mix 11,Visual Studio","./2011/04/02/mix-11/index.html","E:\repos\Processtune-web\www\2011\04\02\mix-11\index.html"
"双方向通信 – Processtune Blog","Azure Active Directory,Microservice,Microsoft Azure,Silverlight,SlideShow,Visual Studio","./2011/04/06/%E8%9C%BF%E6%A2%A7%E5%A9%BF%E8%9C%B7%E9%B7%B9%25C2%2580%E5%A3%BB%EF%BD%BF%EF%BD%A1/index.html","E:\repos\Processtune-web\www\2011\04\06\蜿梧婿蜷鷹壻ｿ｡\index.html"
"Integrating OWA( Office Web App) to business solution. – Processtune Blog","Azure Active Directory,Microservice,Microsoft Azure,Office Business App,Office Web App,SlideShow,Visual Studio","./2013/01/26/integrating-owa-office-web-app-to-business-solution/index.html","E:\repos\Processtune-web\www\2013\01\26\integrating-owa-office-web-app-to-business-solution\index.html"
"Play to feature will simplify Multi device fabrication – Processtune Blog","Azure Active Directory,Microservice,Microsoft Azure,SlideShow,Visual Studio,Windows Store App,未分類","./2013/03/30/play-to-scenarios-make-multi-device-technology-simplify/index.html","E:\repos\Processtune-web\www\2013\03\30\play-to-scenarios-make-multi-device-technology-simplify\index.html"
"Designing Object Model for Metro Style Application – Processtune Blog","Azure Active Directory,Microservice,Microsoft Azure,SlideShow,Visual Studio,Windows Store App","./2013/04/08/designing-object-model-for-metro-style-application/index.html","E:\repos\Processtune-web\www\2013\04\08\designing-object-model-for-metro-style-application\index.html"
"Portable class Libraries with designing object models – Processtune Blog","Azure Active Directory,Microservice,Microsoft Azure,SlideShow,Visual Studio,Windows Store App,未分類","./2013/04/08/portable-class-libraries-with-designing-object-models/index.html","E:\repos\Processtune-web\www\2013\04\08\portable-class-libraries-with-designing-object-models\index.html"
"Designed models for Windows Store Apps – Processtune Blog","Azure Active Directory,Microservice,Microsoft Azure,SlideShow,Visual Studio,Windows Store App,未分類","./2013/05/08/designed-models-for-windows-store-apps/index.html","E:\repos\Processtune-web\www\2013\05\08\designed-models-for-windows-store-apps\index.html"
"Windows 8 animation architecture – Processtune Blog","Azure Active Directory,ComCamp,Microservice,Microsoft Azure,Visual Studio,Windows 8 App,Windows Store App","./2013/05/11/windows-8-animation-architecture/index.html","E:\repos\Processtune-web\www\2013\05\11\windows-8-animation-architecture\index.html"
"Windows Store アプリのための情報アーキテクチャ – Processtune Blog","Azure Active Directory,Microservice,Microsoft Azure,SlideShow,Visual Studio,Windows 8 App,Windows Store App","./2013/06/07/information-architecture-for-windows-store-app/index.html","E:\repos\Processtune-web\www\2013\06\07\information-architecture-for-windows-store-app\index.html"
"Windows Azure Mobile Service authentication – Processtune Blog","Azure Active Directory,Microservice,Microsoft Azure,SlideShow,Visual Studio,Windows 8 App,Windows Store App","./2013/07/01/windows-azure-mobile-service-authentication/index.html","E:\repos\Processtune-web\www\2013\07\01\windows-azure-mobile-service-authentication\index.html"
"Resource of Store App for globalization – Processtune Blog","Azure Active Directory,Microservice,Microsoft Azure,SlideShow,Visual Studio,Windows 8 App,Windows Store App","./2013/07/08/resource-of-store-app-for-globalization/index.html","E:\repos\Processtune-web\www\2013\07\08\resource-of-store-app-for-globalization\index.html"
"WPF app that display Excel file. – Processtune Blog","Azure Active Directory,Microservice,Microsoft Azure,Office Business App,SlideShow,Visual Studio,Windows 8 App","./2013/08/26/wpf-app-that-display-excel-file-2/index.html","E:\repos\Processtune-web\www\2013\08\26\wpf-app-that-display-excel-file-2\index.html"
"View the processing status of the Windows Runtime Component to Windows Store app – Processtune Blog","Azure Active Directory,Microservice,Microsoft Azure,SlideShow,Visual Studio,Windows 8 App,Windows Store App","./2014/01/20/view-the-processing-status-of-the-windows-runtime-component-to-windows-store-app/index.html","E:\repos\Processtune-web\www\2014\01\20\view-the-processing-status-of-the-windows-runtime-component-to-windows-store-app\index.html"
"Using Office 365 authentication in Windows 8 store apps – Processtune Blog","Azure Active Directory,Microservice,Microsoft Azure,SlideShow,Visual Studio,Windows 8 App,Windows Store App,未分類","./2014/04/09/using-office-365-authentication-in-windows-8-store-apps/index.html","E:\repos\Processtune-web\www\2014\04\09\using-office-365-authentication-in-windows-8-store-apps\index.html"
"Information architecture for Windows Store app – Processtune Blog","Azure Active Directory,Microservice,Microsoft Azure,Visual Studio,Windows 8 App,Windows Store App","./2014/06/08/information-architecture-for-windows-store-app-2/index.html","E:\repos\Processtune-web\www\2014\06\08\information-architecture-for-windows-store-app-2\index.html"
"タイルとバッジのライフサイクル設計編 – Processtune Blog","Azure Active Directory,Microservice,Microsoft Azure,SlideShow,Universal Apps,Visual Studio,Windows 8.1 App,Windows Phone App,Windows Store App","./2015/02/02/%E7%B9%A7%EF%BD%BF%E7%B9%A7%EF%BD%A4%E7%B9%9D%EF%BD%AB%E7%B8%BA%EF%BD%A8%E7%B9%9D%E8%88%8C%E3%83%A3%E7%B9%A7%EF%BD%B8%E7%B8%BA%EF%BD%AE%E7%B9%9D%EF%BD%A9%E7%B9%A7%EF%BD%A4%E7%B9%9D%E8%BC%94%E3%81%97%E7%B9%A7%EF%BD%A4%E7%B9%A7%EF%BD%AF%E7%B9%9D%EF%BD%AB%E9%9A%AA%EF%BD%AD%E9%9A%AA%E8%82%B2%EF%BD%B7%EF%BD%A8/index.html","E:\repos\Processtune-web\www\2015\02\02\繧ｿ繧､繝ｫ縺ｨ繝舌ャ繧ｸ縺ｮ繝ｩ繧､繝輔し繧､繧ｯ繝ｫ險ｭ險育ｷｨ\index.html"
"MVVM: Create some processings if these should execute before adding to a list items. – Processtune Blog","Azure Active Directory,Microservice,Microsoft Azure,SlideShow,Universal Apps,Visual Studio,Windows 8 App,Windows 8.1 App,Windows Store App,未分類","./2015/05/10/mvvm-create-some-processings-if-these-should-execute-before-adding-to-a-list-items/index.html","E:\repos\Processtune-web\www\2015\05\10\mvvm-create-some-processings-if-these-should-execute-before-adding-to-a-list-items\index.html"
"MVVM : Creating Reusable Flyout Control Composite – Processtune Blog","Azure Active Directory,Microservice,Microsoft Azure,SlideShow,Universal Apps,Visual Studio,Windows 8.1 App,Windows Phone App,Windows Store App,未分類","./2015/05/23/mvvm-creating-reusable-flyout-control-composite/index.html","E:\repos\Processtune-web\www\2015\05\23\mvvm-creating-reusable-flyout-control-composite\index.html"
"The microservice design pattern – Processtune Blog","Azure Active Directory,Microservice,Microsoft Azure,SlideShow,Visual Studio,未分類","./2016/04/08/microservice-design-pattern/index.html","E:\repos\Processtune-web\www\2016\04\08\microservice-design-pattern\index.html"
"Some patterns of state transferring of system – Processtune Blog","Azure Active Directory,Microservice,Microsoft Azure,SlideShow,Visual Studio,未分類","./2016/05/10/some-patterns-of-transferring-state-of-system/index.html","E:\repos\Processtune-web\www\2016\05\10\some-patterns-of-transferring-state-of-system\index.html"
"A concept of the actor model, for a distributed system – Processtune Blog","Azure Active Directory,Microservice,Microsoft Azure,SlideShow,Visual Studio,未分類","./2016/07/11/2161/index.html","E:\repos\Processtune-web\www\2016\07\11\2161\index.html"
"The Virtual Actor is the Actor model for cloud ready – Processtune Blog","Azure Active Directory,Microservice,Microsoft Azure,SlideShow,Visual Studio,未分類","./2016/08/13/the-virtual-actor-is-the-actor-model-for-cloud-ready/index.html","E:\repos\Processtune-web\www\2016\08\13\the-virtual-actor-is-the-actor-model-for-cloud-ready\index.html"
"Microsoft Azure provides the Virtual Actor as Service Fabric Reliable Actor – Processtune Blog","Azure Active Directory,Microservice,Microsoft Azure,SlideShow,Visual Studio,未分類","./2016/09/02/microsoft-azure-provides-the-virtual-actor-as-service-fabric-reliable-actor/index.html","E:\repos\Processtune-web\www\2016\09\02\microsoft-azure-provides-the-virtual-actor-as-service-fabric-reliable-actor\index.html"
"Create state full service web app – Processtune Blog","Azure Active Directory,Microservice,Microsoft Azure,SlideShow,Visual Studio,未分類","./2017/01/12/create-state-full-service-web-app/index.html","E:\repos\Processtune-web\www\2017\01\12\create-state-full-service-web-app\index.html"
"Incorporate the Realiable Actor service to web app solution – Processtune Blog","Azure Active Directory,Microservice,Microsoft Azure,SlideShow,Visual Studio,未分類","./2017/02/12/incorporate-the-realiable-actor-service-to-web-app-solution/index.html","E:\repos\Processtune-web\www\2017\02\12\incorporate-the-realiable-actor-service-to-web-app-solution\index.html"
"Tips for using Service Fabric SDK #1 – Processtune Blog","Azure Active Directory,Microservice,Microsoft Azure,SlideShow,Visual Studio,未分類","./2017/03/01/tips-for-using-service-fabric-sdk/index.html","E:\repos\Processtune-web\www\2017\03\01\tips-for-using-service-fabric-sdk\index.html"
"Tips for using Service Fabric SDK #2 – Processtune Blog","Azure Active Directory,Microservice,Microsoft Azure,SlideShow,Visual Studio,未分類","./2017/03/10/tips-for-using-service-fabric-sdk-2/index.html","E:\repos\Processtune-web\www\2017\03\10\tips-for-using-service-fabric-sdk-2\index.html"
"Invoke Reliable Actor from stateless Web API – Processtune Blog","Azure Active Directory,Microservice,Microsoft Azure,SlideShow,Visual Studio,未分類","./2017/03/13/invoke-reliable-actor-from-stateless-web-api/index.html","E:\repos\Processtune-web\www\2017\03\13\invoke-reliable-actor-from-stateless-web-api\index.html"
"The microservices basis, Provide it from Microsoft Azure Service Fabric – Processtune Blog","Azure Active Directory,Microservice,Microsoft Azure,SlideShow,Visual Studio,未分類","./2017/03/13/the-microservices-basis-provide-it-from-microsoft-azure-service-fabric/index.html","E:\repos\Processtune-web\www\2017\03\13\the-microservices-basis-provide-it-from-microsoft-azure-service-fabric\index.html"
"Microsoft UWP samples helps you to create your app – Processtune Blog","Azure Active Directory,Microservice,Microsoft Azure,Universal Apps,Visual Studio,Windows 10 App,Windows Store App,未分類","./2017/07/25/microsoft-uwp-samples-helps-you-to-create-your-app/index.html","E:\repos\Processtune-web\www\2017\07\25\microsoft-uwp-samples-helps-you-to-create-your-app\index.html"
"x:Bind Binding – Processtune Blog","Azure Active Directory,Microservice,Microsoft Azure,SlideShow,Universal Apps,Visual Studio,Windows 10 App,Windows Store App,未分類","./2017/07/25/xbind-binding/index.html","E:\repos\Processtune-web\www\2017\07\25\xbind-binding\index.html"
"System launcher – Processtune Blog","Azure Active Directory,Microservice,Microsoft Azure,SlideShow,Universal Apps,Visual Studio,Windows 10 App,Windows Store App,未分類","./2017/08/01/system-launcher/index.html","E:\repos\Processtune-web\www\2017\08\01\system-launcher\index.html"
"Split view – Processtune Blog","Azure Active Directory,Microservice,Microsoft Azure,SlideShow,Universal Apps,Visual Studio,Windows 10 App,Windows Store App,未分類","./2017/08/08/split-view/index.html","E:\repos\Processtune-web\www\2017\08\08\split-view\index.html"
"Hamburger menu – Processtune Blog","Azure Active Directory,Microservice,Microsoft Azure,SlideShow,Universal Apps,Visual Studio,Windows 10 App,Windows Store App,未分類","./2017/08/15/hamburger-menu/index.html","E:\repos\Processtune-web\www\2017\08\15\hamburger-menu\index.html"
"FlipView – Processtune Blog","Azure Active Directory,Microservice,Microsoft Azure,SlideShow,Universal Apps,Visual Studio,Windows 10 App,Windows Store App,未分類","./2017/08/22/flipview/index.html","E:\repos\Processtune-web\www\2017\08\22\flipview\index.html"
"OAuth login – Processtune Blog","Azure Active Directory,Microservice,Microsoft Azure,SlideShow,Universal Apps,Visual Studio,Windows 10 App,Windows Store App,未分類","./2017/08/29/oauth-login/index.html","E:\repos\Processtune-web\www\2017\08\29\oauth-login\index.html"
"Bitmap image – Processtune Blog","Azure Active Directory,Microservice,Microsoft Azure,SlideShow,Universal Apps,Visual Studio,Windows 10 App,Windows Store App,未分類","./2017/09/06/bitmap-image/index.html","E:\repos\Processtune-web\www\2017\09\06\bitmap-image\index.html"
"Control Facebook scope – Processtune Blog","Azure Active Directory,Microservice,Microsoft Azure,SlideShow,Universal Apps,Visual Studio,Windows 10 App,Windows Store App,未分類","./2017/09/13/control-facebook-scope/index.html","E:\repos\Processtune-web\www\2017\09\13\control-facebook-scope\index.html"
"Intelligent cloud with Microsoft Graph. – Processtune Blog","Azure Active Directory,Microservice,Microsoft Azure,SlideShow,Universal Apps,Visual Studio,Windows 10 App,Windows Store App,未分類","./2017/09/20/intelligent-cloud-with-microsoft-graph/index.html","E:\repos\Processtune-web\www\2017\09\20\intelligent-cloud-with-microsoft-graph\index.html"
"Scope control of the Microsoft Graph. – Processtune Blog","Azure Active Directory,Microservice,Microsoft Azure,SlideShow,Universal Apps,Visual Studio,Windows 10 App,Windows Store App,未分類","./2017/09/27/scope-control-of-the-microsoft-graph/index.html","E:\repos\Processtune-web\www\2017\09\27\scope-control-of-the-microsoft-graph\index.html"
"How to use the QnA Manker API well. – Processtune Blog","Azure Active Directory,Microservice,Microsoft Azure,SlideShow,Visual Studio,未分類","./2017/11/02/how-to-use-the-qna-manker-api-well/index.html","E:\repos\Processtune-web\www\2017\11\02\how-to-use-the-qna-manker-api-well\index.html"
"How to create the QnA Manker My service. – Processtune Blog","Azure Active Directory,Microservice,Microsoft Azure,SlideShow,Visual Studio,未分類","./2017/11/09/how-to-create-the-qna-manker-my-service/index.html","E:\repos\Processtune-web\www\2017\11\09\how-to-create-the-qna-manker-my-service\index.html"
"kiosk mode operation design 1 – Processtune Blog","Active Directory,Azure Active Directory,kiosk mode,Microservice,Microsoft Azure,Visual Studio,Windows 10 App","./2018/05/26/kiosk-mode-operation-design-1/index.html","E:\repos\Processtune-web\www\2018\05\26\kiosk-mode-operation-design-1\index.html"
"kiosk mode operation design 2 – Processtune Blog","Active Directory,Azure Active Directory,kiosk mode,Microservice,Microsoft Azure,SlideShow,Visual Studio,Windows 10 App,Windows Store App,未分類","./2018/06/30/kiosk-mode-operation-design-2/index.html","E:\repos\Processtune-web\www\2018\06\30\kiosk-mode-operation-design-2\index.html"
"Logging file save to Microsoft Azure part 1 – Processtune Blog","Active Directory,Azure Active Directory,kiosk mode,Microservice,Microsoft Azure,SlideShow,Universal Apps,Visual Studio,Windows 10 App,未分類","./2018/07/28/logging-file-save-to-microsoft-azure-part-1/index.html","E:\repos\Processtune-web\www\2018\07\28\logging-file-save-to-microsoft-azure-part-1\index.html"
"Local account creation – Processtune Blog","Active Directory,Azure Active Directory,Microservice,Microsoft Azure,SlideShow,Visual Studio,Windows 10 App,未分類","./2018/08/31/local-account-creation/index.html","E:\repos\Processtune-web\www\2018\08\31\local-account-creation\index.html"
"Desktop UI controlling – Processtune Blog","Azure Active Directory,Microservice,Microsoft Azure,Visual Studio,未分類","./2018/10/27/desktop-ui-controlling/index.html","E:\repos\Processtune-web\www\2018\10\27\desktop-ui-controlling\index.html"
"Logging file save to Microsoft Azure part 2 – Processtune Blog","Azure Active Directory,Microservice,Microsoft Azure,Visual Studio,未分類","./2019/03/28/logging-file-save-to-microsoft-azure-part-2/index.html","E:\repos\Processtune-web\www\2019\03\28\logging-file-save-to-microsoft-azure-part-2\index.html"
"Launch correct app by specific account – Processtune Blog","Azure Active Directory,Microservice,Microsoft Azure,Visual Studio,未分類","./2019/03/29/launch-correct-app-by-specific-account/index.html","E:\repos\Processtune-web\www\2019\03\29\launch-correct-app-by-specific-account\index.html"
"Cognitive Services QnA Maker – Create knowledge base from online FAQ – Processtune Blog","Azure Active Directory,Cognitive Service,Microservice,Microsoft Azure,Office App,Office Web App,SlideShow,Visual Studio,未分類","./2019/04/30/cognitive-services-qna-maker-create-knowledge-base-from-online-faq/index.html","E:\repos\Processtune-web\www\2019\04\30\cognitive-services-qna-maker-create-knowledge-base-from-online-faq\index.html"
"Cognitive Services QnA Maker – Make embed code for Bot Client App – Processtune Blog","Azure Active Directory,Cognitive Service,Microservice,Microsoft Azure,Office App,Office Web App,SlideShow,Visual Studio,未分類","./2019/06/30/cognitive-services-qna-maker-make-embed-code-for-bot-client-app/index.html","E:\repos\Processtune-web\www\2019\06\30\cognitive-services-qna-maker-make-embed-code-for-bot-client-app\index.html"
"Cognitive Services QnA Maker – Create Bot Client App – Processtune Blog","Azure Active Directory,Cognitive Service,Microservice,Microsoft Azure,Office App,Office Web App,SlideShow,Visual Studio,未分類","./2019/07/30/cognitive-services-qna-maker-create-bot-client-app/index.html","E:\repos\Processtune-web\www\2019\07\30\cognitive-services-qna-maker-create-bot-client-app\index.html"
"Create Azure Active Directory application – Processtune Blog","Azure Active Directory,Microservice,Microsoft Azure,Microsoft Graph,SlideShow,Visual Studio","./2019/08/31/create-azure-active-directory-application/index.html","E:\repos\Processtune-web\www\2019\08\31\create-azure-active-directory-application\index.html"
"How to set attributes of Azure Active Directory application for impersonated users – Processtune Blog","Azure Active Directory,Microservice,Microsoft Azure,Microsoft Graph,Visual Studio,未分類","./2019/09/30/how-to-set-attributes-of-azure-active-directory-application-for-impersonated-users/index.html","E:\repos\Processtune-web\www\2019\09\30\how-to-set-attributes-of-azure-active-directory-application-for-impersonated-users\index.html"
"Microsoft Graph API provides several grant types of The OAuth 2.0 Authorization Framework – Processtune Blog","Azure Active Directory,Microservice,Microsoft Azure,Microsoft Graph,SlideShow,Visual Studio,未分類","./2019/10/30/microsoft-graph-api-provides-several-grant-types-of-the-oauth-2-0-authorization-framework/index.html","E:\repos\Processtune-web\www\2019\10\30\microsoft-graph-api-provides-several-grant-types-of-the-oauth-2-0-authorization-framework\index.html"
"Download a client app includes an authentication feature for Azure Active Directory account – Processtune Blog","Azure Active Directory,Microservice,Microsoft Azure,Microsoft Graph,SlideShow,Visual Studio,未分類","./2019/11/30/download-a-client-app-includes-an-authentication-feature-for-azure-active-directory-account/index.html","E:\repos\Processtune-web\www\2019\11\30\download-a-client-app-includes-an-authentication-feature-for-azure-active-directory-account\index.html"
"How to acquire an authorization code for Microsoft Graph API with login feature of ASP.NET Core web app – Processtune Blog","Azure Active Directory,Microservice,Microsoft Azure,Microsoft Graph,Office App,Office Web App,SlideShow,Visual Studio","./2019/12/26/how-to-acquire-an-authorization-code-of-microsoft-graph-api-login-feature-with-asp-net-core-web-app/index.html","E:\repos\Processtune-web\www\2019\12\26\how-to-acquire-an-authorization-code-of-microsoft-graph-api-login-feature-with-asp-net-core-web-app\index.html"
"Take token using 'authorized code' grant type of Microsoft Graph API – Processtune Blog","Azure Active Directory,Microservice,Microsoft Azure,Microsoft Graph,Office App,ReactJS.NET,SlideShow,Visual Studio,未分類","./2020/01/31/programmable-authentication-flow-for-accessing-to-microsoft-graph/index.html","E:\repos\Processtune-web\www\2020\01\31\programmable-authentication-flow-for-accessing-to-microsoft-graph\index.html"
"Get user information of Azure Active Directory account using Microsoft Graph API – Processtune Blog","Azure Active Directory,Microservice,Microsoft Azure,Microsoft Graph,Office App,ReactJS.NET,SlideShow,Visual Studio,未分類","./2020/02/29/get-user-information-of-azure-active-directory-account-using-microsoft-graph-api/index.html","E:\repos\Processtune-web\www\2020\02\29\get-user-information-of-azure-active-directory-account-using-microsoft-graph-api\index.html"
"Cognitive Services QnA Maker – Setting Azure Bot Service – Processtune Blog","Azure Active Directory,Cognitive Service,Microservice,Microsoft Azure,SlideShow,Visual Studio","./2020/03/13/cognitive-services-qna-maker-setting-azure-bot-service/index.html","E:\repos\Processtune-web\www\2020\03\13\cognitive-services-qna-maker-setting-azure-bot-service\index.html"
"Preparing to create the app using programmable authentication flow – Processtune Blog","Azure Active Directory,Microservice,Microsoft Azure,Microsoft Graph,Office App,Office Web App,SlideShow,Visual Studio","./2020/03/14/preparing-to-create-the-app-using-programmable-authentication-flow/index.html","E:\repos\Processtune-web\www\2020\03\14\preparing-to-create-the-app-using-programmable-authentication-flow\index.html"
"Programmable authentication flow for accessing to Microsoft Graph – Processtune Blog","Azure Active Directory,Microservice,Microsoft Azure,Microsoft Graph,Office App,Office Web App,SlideShow,Visual Studio","./2020/03/31/programmable-authentication-flow-for-accessing-to-microsoft-graph-2/index.html","E:\repos\Processtune-web\www\2020\03\31\programmable-authentication-flow-for-accessing-to-microsoft-graph-2\index.html"
"appsettings.json in C# .NET Core mvc web app – Processtune Blog","Azure Active Directory,Microservice,Microsoft Azure,Microsoft Graph,Office App,Office Web App,ReactJS.NET,SlideShow,Visual Studio,未分類","./2020/04/20/appsettings-json-in-c-net-core-mvc-web-app/index.html","E:\repos\Processtune-web\www\2020\04\20\appsettings-json-in-c-net-core-mvc-web-app\index.html"
"Change JsonConvert to JsonSerializer – Processtune Blog",".NET Core,Adaptive Cards,Azure Active Directory,Microservice,Microsoft Azure,Office App,SlideShow,Visual Studio,WinUI","./2020/05/23/change-jsonconvert-to-jsonserializer/index.html","E:\repos\Processtune-web\www\2020\05\23\change-jsonconvert-to-jsonserializer\index.html"
"Create .NET Core Library – Processtune Blog","Azure Active Directory,Microservice,Microsoft Azure,Microsoft Graph,Office App,Office Web App,ReactJS.NET,SlideShow,Visual Studio","./2020/05/27/create-net-core-library/index.html","E:\repos\Processtune-web\www\2020\05\27\create-net-core-library\index.html"
"How to set attributes of Azure Active Directory application for an app using JavaScript to authenticate users – Processtune Blog",".NET Core,Azure Active Directory,Microservice,Microsoft Azure,Microsoft Graph,ReactJS.NET,SlideShow,Visual Studio,未分類","./2020/09/01/how-to-set-attributes-of-azure-active-directory-application-for-an-app-using-javascript-to-authenticate-users/index.html","E:\repos\Processtune-web\www\2020\09\01\how-to-set-attributes-of-azure-active-directory-application-for-an-app-using-javascript-to-authenticate-users\index.html"
"You can share the devices profile of Chrome and Edge – Processtune Blog","Azure Active Directory,Browser,CSS,HTML,Microservice,Microsoft Azure,SlideShow,Technical Memo,Visual Studio,未分類","./2020/10/01/you-can-share-the-devices-profile-of-chrome-and-edge/index.html","E:\repos\Processtune-web\www\2020\10\01\you-can-share-the-devices-profile-of-chrome-and-edge\index.html"
"Should define layout at first if you choice atomic design – Processtune Blog","Azure Active Directory,Microservice,Microsoft Azure,Visual Studio,未分類","./2021/05/01/should-define-layout-at-first-if-you-choice-atomic-design/index.html","E:\repos\Processtune-web\www\2021\05\01\should-define-layout-at-first-if-you-choice-atomic-design\index.html"
"QR code create with Rust language runnable on Azure Functions – Processtune Blog","Azure Active Directory,Azure Functions,Microservice,Microsoft Azure,Rust,SlideShow,Visual Studio,Visual Studio Code","./2021/07/01/qr-code-create-with-rust-language-runable-on-azure-functions/index.html","E:\repos\Processtune-web\www\2021\07\01\qr-code-create-with-rust-language-runable-on-azure-functions\index.html"
"How to compile Rust assembly runnable on Linux for deployment to Azure Functions – Processtune Blog","Azure Active Directory,Azure Functions,Microservice,Microsoft Azure,Rust,SlideShow,Visual Studio,Visual Studio Code","./2021/08/01/how-to-compile-rust-assembly-runnable-on-linux-for-deployment-to-azure-functions/index.html","E:\repos\Processtune-web\www\2021\08\01\how-to-compile-rust-assembly-runnable-on-linux-for-deployment-to-azure-functions\index.html"
"Rust QR code generator App of Azure Functions – Processtune Blog","Azure Active Directory,Azure Functions,Microservice,Microsoft Azure,SlideShow,Visual Studio,Visual Studio Code,未分類","./2021/09/01/rust-qr-code-generator-app-of-azure-functions/index.html","E:\repos\Processtune-web\www\2021\09\01\rust-qr-code-generator-app-of-azure-functions\index.html"
"Blazor WASM aquires SVG images that will be colored by JavaScript later – Processtune Blog",".NET Core,ASP.NET Core,Azure Active Directory,JavaScript,Microservice,Microsoft Azure,SlideShow,Visual Studio,Visual Studio Code","./2021/10/01/blazor-wasm-aquires-svg-images-that-will-be-colored-by-javascript-later/index.html","E:\repos\Processtune-web\www\2021\10\01\blazor-wasm-aquires-svg-images-that-will-be-colored-by-javascript-later\index.html"
"JavaScript colors SVG images that are acquired by Blazor WebAssembly – Processtune Blog","ASP.NET Core,Azure Active Directory,Blazor,JavaScript,Microservice,Microsoft Azure,SlideShow,Visual Studio,Visual Studio Code","./2021/11/01/javascript-colors-svg-images-that-are-acquired-by-blazor-webassembly/index.html","E:\repos\Processtune-web\www\2021\11\01\javascript-colors-svg-images-that-are-acquired-by-blazor-webassembly\index.html"
"Nginx run on Windows Subsystem for Linux 2 – Processtune Blog","ASP.NET Core,Azure Active Directory,Blazor,Docker,Microservice,Microsoft Azure,Nginx,Reverce Proxy,SlideShow,vim,Visual Studio,Visual Studio Code,WSL2","./2021/12/01/nginx-run-on-windows-subsystem-for-linux-2/index.html","E:\repos\Processtune-web\www\2021\12\01\nginx-run-on-windows-subsystem-for-linux-2\index.html"
"Create reverse proxy using dotnet minimal – Processtune Blog","Azure Active Directory,Docker,Microservice,Microsoft Azure,Nginx,Reverce Proxy,SlideShow,Static web Apps,vim,Visual Studio,WSL2","./2022/01/15/create-reverse-proxy-using-dotnet-minimal/index.html","E:\repos\Processtune-web\www\2022\01\15\create-reverse-proxy-using-dotnet-minimal\index.html"
"Node + MongoDB container for Azure Functions – Processtune Blog","Alpine Linux,Azure Active Directory,Azure Functions,Docker,Express,Microservice,Microsoft Azure,MongoDB,Node,SlideShow,Ubuntu,Visual Studio,Visual Studio Code","./2022/02/01/node-mongodb-container-for-azure-static-web-apps/index.html","E:\repos\Processtune-web\www\2022\02\01\node-mongodb-container-for-azure-static-web-apps\index.html"
"Design of solution with gRPC communication – Processtune Blog","ASP.NET Core,Azure Active Directory,C#,gRPC,Microservice,Microsoft Azure,Service,SlideShow,Technical Memo,Visual Studio","./2022/04/30/design-of-solution-with-grpc-communication/index.html","E:\repos\Processtune-web\www\2022\04\30\design-of-solution-with-grpc-communication\index.html"
"ASP.NET Core gRPC & gRPC communication tools – Processtune Blog","Azure Active Directory,gRPC,Microservice,Microsoft Azure,Visual Studio,未分類","./2022/05/30/asp-net-core-grpc-grpc-communication-tools/index.html","E:\repos\Processtune-web\www\2022\05\30\asp-net-core-grpc-grpc-communication-tools\index.html"
"ASP.NET Core Options Pattern – Processtune Blog",".NET Core,ASP.NET Core,Azure Active Directory,C#,Microservice,Microsoft Azure,Service,SlideShow,Visual Studio,Visual Studio Code","./2022/06/28/asp-net-core-options-pattern/index.html","E:\repos\Processtune-web\www\2022\06\28\asp-net-core-options-pattern\index.html"
"Encapsulation of information affects an app flexibility – ASP.NET Core Options Pattern – Processtune Blog","ASP.NET Core,Azure Active Directory,C#,Microservice,Microsoft Azure,Service,SlideShow,Visual Studio,Visual Studio Code","./2022/07/23/encapsulation-of-information-affects-an-app-flexibility-asp-net-core-options-pattern/index.html","E:\repos\Processtune-web\www\2022\07\23\encapsulation-of-information-affects-an-app-flexibility-asp-net-core-options-pattern\index.html"
".NET Core Options pattern – Processtune Blog",".NET Core,ASP.NET Core,Azure Active Directory,C#,Microservice,Microsoft Azure,SlideShow,Visual Studio,Visual Studio Code,WPF App,未分類","./2022/08/18/net-core-options-pattern/index.html","E:\repos\Processtune-web\www\2022\08\18\net-core-options-pattern\index.html"
"Deploy the gRPC service to the Azure App Service – Processtune Blog","Azure Active Directory,gRPC,Microservice,Microsoft Azure,Visual Studio,未分類","./2022/09/30/deploy-the-grpc-service-to-the-azure-app-service/index.html","E:\repos\Processtune-web\www\2022\09\30\deploy-the-grpc-service-to-the-azure-app-service\index.html"
"HTTP/3 and the gRPC service in .NET framework – Processtune Blog","Azure Active Directory,gRPC,Microservice,Microsoft Azure,Visual Studio,未分類","./2022/10/30/http-3-and-the-grpc-service-in-net-framework/index.html","E:\repos\Processtune-web\www\2022\10\30\http-3-and-the-grpc-service-in-net-framework\index.html"
"Introducing Artificial Intelligence (AI) in Companies – Processtune Blog","AI,Azure Active Directory,Microservice,Microsoft Azure,Microsoft Graph,MongoDB,SlideShow,Visual Studio","./2024/02/07/introducing-artificial-intelligence-ai-in-companies/index.html","E:\repos\Processtune-web\www\2024\02\07\introducing-artificial-intelligence-ai-in-companies\index.html"
"Steps of Introducing AI to companies – Processtune Blog","AI,Azure Active Directory,Microservice,Microsoft Azure,Visual Studio","./2024/03/26/steps-of-introducing-ai-to-companies/index.html","E:\repos\Processtune-web\www\2024\03\26\steps-of-introducing-ai-to-companies\index.html"
"Mind map creation with markdown notation on visual studio code – Processtune Blog","Azure Active Directory,Markdown,Microservice,Microsoft Azure,SlideShow,Uncategorized,Visual Studio","./2024/04/28/mind-map-creation-with-markdown-notation-on-visual-studio-code/index.html","E:\repos\Processtune-web\www\2024\04\28\mind-map-creation-with-markdown-notation-on-visual-studio-code\index.html"
"tetsuro.takao – Page 10 – Processtune Blog","Azure Active Directory,Microservice,Microsoft Azure,Visual Studio","./author/tetsuro-takao/page/10/index.html","E:\repos\Processtune-web\www\author\tetsuro-takao\page\10\index.html"
"tetsuro.takao – Page 11 – Processtune Blog","Azure Active Directory,Microservice,Microsoft Azure,Visual Studio","./author/tetsuro-takao/page/11/index.html","E:\repos\Processtune-web\www\author\tetsuro-takao\page\11\index.html"
"tetsuro.takao – Page 12 – Processtune Blog","Azure Active Directory,Microservice,Microsoft Azure,Visual Studio","./author/tetsuro-takao/page/12/index.html","E:\repos\Processtune-web\www\author\tetsuro-takao\page\12\index.html"
"tetsuro.takao – Page 13 – Processtune Blog","Azure Active Directory,Microservice,Microsoft Azure,Visual Studio","./author/tetsuro-takao/page/13/index.html","E:\repos\Processtune-web\www\author\tetsuro-takao\page\13\index.html"
"tetsuro.takao – Page 2 – Processtune Blog","Azure Active Directory,Microservice,Microsoft Azure,Visual Studio","./author/tetsuro-takao/page/2/index.html","E:\repos\Processtune-web\www\author\tetsuro-takao\page\2\index.html"
"tetsuro.takao – Page 3 – Processtune Blog","Azure Active Directory,Microservice,Microsoft Azure,Visual Studio","./author/tetsuro-takao/page/3/index.html","E:\repos\Processtune-web\www\author\tetsuro-takao\page\3\index.html"
"tetsuro.takao – Page 4 – Processtune Blog","Azure Active Directory,Microservice,Microsoft Azure,Visual Studio","./author/tetsuro-takao/page/4/index.html","E:\repos\Processtune-web\www\author\tetsuro-takao\page\4\index.html"
"tetsuro.takao – Page 5 – Processtune Blog","Azure Active Directory,Microservice,Microsoft Azure,Visual Studio","./author/tetsuro-takao/page/5/index.html","E:\repos\Processtune-web\www\author\tetsuro-takao\page\5\index.html"
"tetsuro.takao – Page 6 – Processtune Blog","Azure Active Directory,Microservice,Microsoft Azure,Visual Studio","./author/tetsuro-takao/page/6/index.html","E:\repos\Processtune-web\www\author\tetsuro-takao\page\6\index.html"
"tetsuro.takao – Page 7 – Processtune Blog","Azure Active Directory,Microservice,Microsoft Azure,Visual Studio","./author/tetsuro-takao/page/7/index.html","E:\repos\Processtune-web\www\author\tetsuro-takao\page\7\index.html"
"tetsuro.takao – Page 8 – Processtune Blog","Azure Active Directory,Microservice,Microsoft Azure,Visual Studio","./author/tetsuro-takao/page/8/index.html","E:\repos\Processtune-web\www\author\tetsuro-takao\page\8\index.html"
"tetsuro.takao – Page 9 – Processtune Blog","Azure Active Directory,Microservice,Microsoft Azure,Visual Studio","./author/tetsuro-takao/page/9/index.html","E:\repos\Processtune-web\www\author\tetsuro-takao\page\9\index.html"
"Microservice – Page 2 – Processtune Blog","Azure Active Directory,Microservice,Microsoft Azure,Page 1,Previous,Visual Studio","./category/microservice/page/2/index.html","E:\repos\Processtune-web\www\category\microservice\page\2\index.html"
"Microsoft Azure – Page 2 – Processtune Blog","Azure Active Directory,Microservice,Microsoft Azure,Next,Page 1,Page 3,Page 4,Page 5,Previous,Visual Studio","./category/microsoft-azure/page/2/index.html","E:\repos\Processtune-web\www\category\microsoft-azure\page\2\index.html"
"Microsoft Azure – Page 3 – Processtune Blog","Azure Active Directory,Microservice,Microsoft Azure,Next,Page 1,Page 2,Page 4,Page 5,Previous,Visual Studio","./category/microsoft-azure/page/3/index.html","E:\repos\Processtune-web\www\category\microsoft-azure\page\3\index.html"
"Microsoft Azure – Page 4 – Processtune Blog","Azure Active Directory,Microservice,Microsoft Azure,Next,Page 1,Page 2,Page 3,Page 5,Previous,Visual Studio","./category/microsoft-azure/page/4/index.html","E:\repos\Processtune-web\www\category\microsoft-azure\page\4\index.html"
"Microsoft Azure – Page 5 – Processtune Blog","Azure Active Directory,Microservice,Microsoft Azure,Page 1,Page 3,Page 4,Previous,Visual Studio","./category/microsoft-azure/page/5/index.html","E:\repos\Processtune-web\www\category\microsoft-azure\page\5\index.html"
"Microsoft Graph – Page 2 – Processtune Blog","Azure Active Directory,Microservice,Microsoft Azure,Page 1,Previous,Visual Studio","./category/microsoft-graph/page/2/index.html","E:\repos\Processtune-web\www\category\microsoft-graph\page\2\index.html"
"Office App – Page 2 – Processtune Blog","Azure Active Directory,Microservice,Microsoft Azure,Page 1,Previous,Visual Studio","./category/office-app/page/2/index.html","E:\repos\Processtune-web\www\category\office-app\page\2\index.html"
"SlideShow – Page 10 – Processtune Blog","Azure Active Directory,Microservice,Microsoft Azure,Page 1,Page 8,Page 9,Previous,Visual Studio","./category/slide-show/page/10/index.html","E:\repos\Processtune-web\www\category\slide-show\page\10\index.html"
"SlideShow – Page 2 – Processtune Blog","Azure Active Directory,Microservice,Microsoft Azure,Next,Page 1,Page 10,Page 3,Page 4,Previous,Visual Studio","./category/slide-show/page/2/index.html","E:\repos\Processtune-web\www\category\slide-show\page\2\index.html"
"SlideShow – Page 3 – Processtune Blog","Azure Active Directory,Microservice,Microsoft Azure,Next,Page 1,Page 10,Page 2,Page 4,Page 5,Previous,Visual Studio","./category/slide-show/page/3/index.html","E:\repos\Processtune-web\www\category\slide-show\page\3\index.html"
"SlideShow – Page 4 – Processtune Blog","Azure Active Directory,Microservice,Microsoft Azure,Next,Page 1,Page 10,Page 2,Page 3,Page 5,Page 6,Previous,Visual Studio","./category/slide-show/page/4/index.html","E:\repos\Processtune-web\www\category\slide-show\page\4\index.html"
"SlideShow – Page 5 – Processtune Blog","Azure Active Directory,Microservice,Microsoft Azure,Next,Page 1,Page 10,Page 3,Page 4,Page 6,Page 7,Previous,Visual Studio","./category/slide-show/page/5/index.html","E:\repos\Processtune-web\www\category\slide-show\page\5\index.html"
"SlideShow – Page 6 – Processtune Blog","Azure Active Directory,Microservice,Microsoft Azure,Next,Page 1,Page 10,Page 4,Page 5,Page 7,Page 8,Previous,Visual Studio","./category/slide-show/page/6/index.html","E:\repos\Processtune-web\www\category\slide-show\page\6\index.html"
"SlideShow – Page 7 – Processtune Blog","Azure Active Directory,Microservice,Microsoft Azure,Next,Page 1,Page 10,Page 5,Page 6,Page 8,Page 9,Previous,Visual Studio","./category/slide-show/page/7/index.html","E:\repos\Processtune-web\www\category\slide-show\page\7\index.html"
"SlideShow – Page 8 – Processtune Blog","Azure Active Directory,Microservice,Microsoft Azure,Next,Page 1,Page 10,Page 6,Page 7,Page 9,Previous,Visual Studio","./category/slide-show/page/8/index.html","E:\repos\Processtune-web\www\category\slide-show\page\8\index.html"
"SlideShow – Page 9 – Processtune Blog","Azure Active Directory,Microservice,Microsoft Azure,Next,Page 1,Page 10,Page 7,Page 8,Previous,Visual Studio","./category/slide-show/page/9/index.html","E:\repos\Processtune-web\www\category\slide-show\page\9\index.html"
"ComCamp – Processtune Blog","Azure Active Directory,Microservice,Microsoft Azure,Visual Studio","./category/technical-memo/events/communityopenday/index.html","E:\repos\Processtune-web\www\category\technical-memo\events\communityopenday\index.html"
"Global Summit – Processtune Blog","Azure Active Directory,Microservice,Microsoft Azure,Visual Studio","./category/technical-memo/events/global-summit/index.html","E:\repos\Processtune-web\www\category\technical-memo\events\global-summit\index.html"
"Mix 11 – Processtune Blog","Azure Active Directory,Microservice,Microsoft Azure,Visual Studio","./category/technical-memo/events/mix-11/index.html","E:\repos\Processtune-web\www\category\technical-memo\events\mix-11\index.html"
"Technical Memo – Page 2 – Processtune Blog","Azure Active Directory,Microservice,Microsoft Azure,Next,Page 1,Page 3,Page 4,Page 5,Previous,Visual Studio","./category/technical-memo/page/2/index.html","E:\repos\Processtune-web\www\category\technical-memo\page\2\index.html"
"Technical Memo – Page 3 – Processtune Blog","Azure Active Directory,Microservice,Microsoft Azure,Next,Page 1,Page 2,Page 4,Page 5,Previous,Visual Studio","./category/technical-memo/page/3/index.html","E:\repos\Processtune-web\www\category\technical-memo\page\3\index.html"
"Technical Memo – Page 4 – Processtune Blog","Azure Active Directory,Microservice,Microsoft Azure,Next,Page 1,Page 2,Page 3,Page 5,Previous,Visual Studio","./category/technical-memo/page/4/index.html","E:\repos\Processtune-web\www\category\technical-memo\page\4\index.html"
"Technical Memo – Page 5 – Processtune Blog","Azure Active Directory,Microservice,Microsoft Azure,Page 1,Page 3,Page 4,Previous,Visual Studio","./category/technical-memo/page/5/index.html","E:\repos\Processtune-web\www\category\technical-memo\page\5\index.html"
"CodeZine – Processtune Blog","Azure Active Directory,Microservice,Microsoft Azure,Visual Studio","./category/technical-memo/silverlight/codezine/index.html","E:\repos\Processtune-web\www\category\technical-memo\silverlight\codezine\index.html"
"Visual Studio – Page 2 – Processtune Blog","Azure Active Directory,Microservice,Microsoft Azure,Next,Page 1,Page 3,Previous,Visual Studio","./category/visual-studio/page/2/index.html","E:\repos\Processtune-web\www\category\visual-studio\page\2\index.html"
"Visual Studio – Page 3 – Processtune Blog","Azure Active Directory,Microservice,Microsoft Azure,Page 1,Page 2,Previous,Visual Studio","./category/visual-studio/page/3/index.html","E:\repos\Processtune-web\www\category\visual-studio\page\3\index.html"
"WinUI – Page 2 – Processtune Blog","Azure Active Directory,Microservice,Microsoft Azure,Next,Page 1,Page 3,Page 4,Page 5,Previous,Visual Studio","./category/winui/page/2/index.html","E:\repos\Processtune-web\www\category\winui\page\2\index.html"
"WinUI – Page 3 – Processtune Blog","Azure Active Directory,Microservice,Microsoft Azure,Next,Page 1,Page 2,Page 4,Page 5,Previous,Visual Studio","./category/winui/page/3/index.html","E:\repos\Processtune-web\www\category\winui\page\3\index.html"
"WinUI – Page 4 – Processtune Blog","Azure Active Directory,Microservice,Microsoft Azure,Next,Page 1,Page 2,Page 3,Page 5,Previous,Visual Studio","./category/winui/page/4/index.html","E:\repos\Processtune-web\www\category\winui\page\4\index.html"
"WinUI – Page 5 – Processtune Blog","Azure Active Directory,Microservice,Microsoft Azure,Page 1,Page 3,Page 4,Previous,Visual Studio","./category/winui/page/5/index.html","E:\repos\Processtune-web\www\category\winui\page\5\index.html"
"Windows Store App – Processtune Blog","Azure Active Directory,Microservice,Microsoft Azure,Next,Page 2,Page 3,Page 4,Visual Studio","./category/winui/universal-apps/windows-store-app/index.html","E:\repos\Processtune-web\www\category\winui\universal-apps\windows-store-app\index.html"
"Designing Object Model for Metro Style Application – Processtune Blog","Azure Active Directory,Microservice,Microsoft Azure,SlideShow,Visual Studio,Windows Store App","./2013/04/08/designing-object-model-for-metro-style-application/comment-page-1/index.html","E:\repos\Processtune-web\www\2013\04\08\designing-object-model-for-metro-style-application\comment-page-1\index.html"
"Portable class Libraries with designing object models – Processtune Blog","Azure Active Directory,Microservice,Microsoft Azure,SlideShow,Visual Studio,Windows Store App,未分類","./2013/04/08/portable-class-libraries-with-designing-object-models/comment-page-1/index.html","E:\repos\Processtune-web\www\2013\04\08\portable-class-libraries-with-designing-object-models\comment-page-1\index.html"
"WPF app that display Excel file. – Processtune Blog","Azure Active Directory,Microservice,Microsoft Azure,Office Business App,SlideShow,Visual Studio,Windows 8 App","./2013/08/26/wpf-app-that-display-excel-file-2/comment-page-1/index.html","E:\repos\Processtune-web\www\2013\08\26\wpf-app-that-display-excel-file-2\comment-page-1\index.html"
"Incorporate the Realiable Actor service to web app solution – Processtune Blog","Azure Active Directory,Microservice,Microsoft Azure,SlideShow,Visual Studio,未分類","./2017/02/12/incorporate-the-realiable-actor-service-to-web-app-solution/comment-page-1/index.html","E:\repos\Processtune-web\www\2017\02\12\incorporate-the-realiable-actor-service-to-web-app-solution\comment-page-1\index.html"
"Azure Active Directory – Page 2 – Processtune Blog","Azure Active Directory,Microservice,Microsoft Azure,Page 1,Previous,Visual Studio","./category/microsoft-azure/azure-active-directory/page/2/index.html","E:\repos\Processtune-web\www\category\microsoft-azure\azure-active-directory\page\2\index.html"
"Silverlight – Page 2 – Processtune Blog","Azure Active Directory,Microservice,Microsoft Azure,Next,Page 1,Page 3,Previous,Visual Studio","./category/technical-memo/silverlight/page/2/index.html","E:\repos\Processtune-web\www\category\technical-memo\silverlight\page\2\index.html"
"Silverlight – Page 3 – Processtune Blog","Azure Active Directory,Microservice,Microsoft Azure,Page 1,Page 2,Previous,Visual Studio","./category/technical-memo/silverlight/page/3/index.html","E:\repos\Processtune-web\www\category\technical-memo\silverlight\page\3\index.html"
"Universal Apps – Page 2 – Processtune Blog","Azure Active Directory,Microservice,Microsoft Azure,Next,Page 1,Page 3,Page 4,Previous,Visual Studio","./category/winui/universal-apps/page/2/index.html","E:\repos\Processtune-web\www\category\winui\universal-apps\page\2\index.html"
"Universal Apps – Page 3 – Processtune Blog","Azure Active Directory,Microservice,Microsoft Azure,Next,Page 1,Page 2,Page 4,Previous,Visual Studio","./category/winui/universal-apps/page/3/index.html","E:\repos\Processtune-web\www\category\winui\universal-apps\page\3\index.html"
"Universal Apps – Page 4 – Processtune Blog","Azure Active Directory,Microservice,Microsoft Azure,Page 1,Page 2,Page 3,Previous,Visual Studio","./category/winui/universal-apps/page/4/index.html","E:\repos\Processtune-web\www\category\winui\universal-apps\page\4\index.html"
"Windows 10 App – Processtune Blog","Azure Active Directory,Microservice,Microsoft Azure,Next,Page 2,Visual Studio","./category/winui/universal-apps/windows-store-app/windows-10-app/index.html","E:\repos\Processtune-web\www\category\winui\universal-apps\windows-store-app\windows-10-app\index.html"
"Windows 8.1 App – Processtune Blog","Azure Active Directory,Microservice,Microsoft Azure,Visual Studio","./category/winui/universal-apps/windows-store-app/windows-8-1-app/index.html","E:\repos\Processtune-web\www\category\winui\universal-apps\windows-store-app\windows-8-1-app\index.html"
"Windows 8 App – Processtune Blog","Azure Active Directory,Microservice,Microsoft Azure,Visual Studio","./category/winui/universal-apps/windows-store-app/windows-8-app/index.html","E:\repos\Processtune-web\www\category\winui\universal-apps\windows-store-app\windows-8-app\index.html"
"Windows Phone App – Processtune Blog","Azure Active Directory,Microservice,Microsoft Azure,Visual Studio","./category/winui/universal-apps/windows-store-app/windows-phone-app/index.html","E:\repos\Processtune-web\www\category\winui\universal-apps\windows-store-app\windows-phone-app\index.html"
"Windows Store App – Page 2 – Processtune Blog","Azure Active Directory,Microservice,Microsoft Azure,Next,Page 1,Page 3,Page 4,Previous,Visual Studio","./category/winui/universal-apps/windows-store-app/page/2/index.html","E:\repos\Processtune-web\www\category\winui\universal-apps\windows-store-app\page\2\index.html"
"Windows Store App – Page 3 – Processtune Blog","Azure Active Directory,Microservice,Microsoft Azure,Next,Page 1,Page 2,Page 4,Previous,Visual Studio","./category/winui/universal-apps/windows-store-app/page/3/index.html","E:\repos\Processtune-web\www\category\winui\universal-apps\windows-store-app\page\3\index.html"
"Windows Store App – Page 4 – Processtune Blog","Azure Active Directory,Microservice,Microsoft Azure,Page 1,Page 2,Page 3,Previous,Visual Studio","./category/winui/universal-apps/windows-store-app/page/4/index.html","E:\repos\Processtune-web\www\category\winui\universal-apps\windows-store-app\page\4\index.html"
"Windows 10 App – Page 2 – Processtune Blog","Azure Active Directory,Microservice,Microsoft Azure,Page 1,Previous,Visual Studio","./category/winui/universal-apps/windows-store-app/windows-10-app/page/2/index.html","E:\repos\Processtune-web\www\category\winui\universal-apps\windows-store-app\windows-10-app\page\2\index.html"
